timestamp,inside_temp_c,inside_humidity_pct,inside_dewpoint_c,outside_temp_c,outside_humidity_pct,outside_dewpoint_c,bottle_temp_c,fan_state,extractor_polls_on,intake_polls_on,polls_this_interval
2026-08-20T22:05:49,21.0,86.4,18.6,18.4,70.5,12.9,21.4,cooling,4,2,4
2026-08-20T22:20:51,20.7,89.5,18.9,18.4,67.4,12.2,21.4,dehumidify,3,0,3
2026-08-20T22:35:54,20.7,89.1,18.8,18.3,66.8,12.0,21.3,dehumidify,3,0,3
2026-08-20T22:52:01,20.6,89.8,18.8,18.2,67.1,12.0,21.2,cooling,4,4,4
2026-08-20T23:07:04,20.5,89.6,18.8,18.0,66.8,11.8,21.1,cooling,3,3,3
2026-08-20T23:22:07,20.5,89.8,18.8,17.9,67.5,11.8,21.0,cooling,3,3,3
2026-08-20T23:37:09,20.5,90.0,18.8,17.8,68.3,11.9,20.9,cooling,3,3,3
2026-08-20T23:52:12,20.5,89.9,18.7,17.7,68.6,11.8,20.8,cooling,3,3,3
2026-08-21T00:07:15,20.5,89.7,18.7,17.6,68.0,11.6,20.8,cooling,3,3,3
2026-08-21T00:22:17,20.4,90.3,18.8,17.5,67.3,11.4,20.7,cooling,3,3,3
2026-08-21T00:37:20,20.4,90.6,18.8,17.4,67.6,11.3,20.6,cooling,3,3,3
2026-08-21T00:52:23,20.4,90.8,18.9,17.4,67.6,11.3,20.6,cooling,3,3,3
2026-08-21T01:07:25,20.4,90.9,18.8,17.3,67.4,11.2,20.5,cooling,3,3,3
2026-08-21T01:22:28,20.4,90.8,18.8,17.2,67.3,11.1,20.5,cooling,3,3,3
2026-08-21T01:37:31,20.3,90.8,18.8,17.1,68.9,11.4,20.4,cooling,3,3,3
2026-08-21T01:52:33,20.3,90.8,18.8,17.1,69.3,11.4,20.4,cooling,3,3,3
2026-08-21T02:07:36,20.3,90.9,18.8,17.1,68.9,11.3,20.3,cooling,3,3,3
2026-08-21T02:22:39,20.3,90.8,18.7,17.1,69.6,11.5,20.3,cooling,3,3,3
2026-08-21T02:37:42,20.2,91.0,18.7,17.1,69.3,11.5,20.2,cooling,3,3,3
2026-08-21T02:52:44,20.2,91.0,18.7,17.0,69.5,11.4,20.2,cooling,3,3,3
2026-08-21T03:07:47,20.2,91.1,18.7,17.0,70.4,11.6,20.2,cooling,3,3,3
2026-08-21T03:22:50,20.2,91.2,18.7,16.9,70.7,11.5,20.2,cooling,3,3,3
2026-08-21T03:37:52,20.2,91.1,18.7,16.8,70.4,11.3,20.1,cooling,3,3,3
2026-08-21T03:52:55,20.2,91.2,18.7,16.6,70.2,11.1,20.1,cooling,3,3,3
2026-08-21T04:07:58,20.1,91.0,18.6,16.5,70.4,11.1,20.1,cooling,3,3,3
2026-08-21T04:23:00,20.1,91.1,18.6,16.6,70.0,11.1,20.1,cooling,3,3,3
2026-08-21T04:38:03,20.1,91.0,18.6,16.5,70.3,11.1,20.0,cooling,3,3,3
2026-08-21T04:53:06,20.1,90.9,18.5,16.6,69.4,11.0,20.0,cooling,3,3,3
2026-08-21T05:08:08,20.0,91.1,18.5,16.6,69.8,11.1,19.9,cooling,3,3,3
2026-08-21T05:23:11,20.0,91.1,18.5,16.7,69.1,11.0,19.9,cooling,3,3,3
2026-08-21T05:38:14,20.0,91.0,18.5,16.7,69.5,11.1,19.9,cooling,3,3,3
2026-08-21T05:53:16,20.0,91.1,18.5,16.6,69.6,11.1,19.9,cooling,3,3,3
2026-08-21T06:08:19,19.9,91.0,18.4,16.6,69.3,11.0,19.9,cooling,3,3,3
2026-08-21T06:23:22,19.9,91.1,18.4,16.5,70.2,11.1,19.8,cooling,3,3,3
2026-08-21T06:38:25,19.9,91.2,18.4,16.6,69.1,10.9,19.8,cooling,3,3,3
2026-08-21T06:53:27,19.9,91.1,18.4,16.5,69.5,10.9,19.8,cooling,3,3,3
2026-08-21T07:08:30,19.9,90.6,18.3,16.4,69.5,10.8,19.8,cooling,3,3,3
2026-08-21T07:23:33,19.8,90.6,18.2,16.2,70.6,10.9,19.8,cooling,3,3,3
2026-08-21T07:38:35,19.8,90.4,18.2,16.3,70.7,11.0,19.7,cooling,3,3,3
2026-08-21T07:53:38,19.8,90.3,18.1,16.5,68.9,10.8,19.7,cooling,3,3,3
2026-08-21T08:08:41,19.8,90.8,18.2,16.6,68.6,10.8,19.7,cooling,3,3,3
2026-08-21T08:23:43,19.8,91.0,18.2,16.7,67.5,10.7,19.6,cooling,3,3,3
2026-08-21T08:38:46,19.7,91.2,18.2,16.8,67.0,10.6,19.6,cooling,3,3,3
2026-08-21T08:53:49,19.8,91.6,18.4,17.0,67.0,10.8,19.6,cooling,3,3,3
2026-08-21T09:16:44,19.7,91.8,18.3,17.2,65.8,10.8,19.6,cooling,4,4,4
2026-08-21T09:31:47,19.7,91.9,18.4,17.4,65.5,10.8,19.6,cooling,3,3,3
2026-08-21T09:46:50,19.7,92.1,18.4,17.4,65.9,11.0,19.6,cooling,3,3,3
2026-08-21T10:01:52,19.7,92.2,18.4,17.6,64.6,10.8,19.5,cooling,3,3,3
2026-08-21T10:16:55,19.7,92.4,18.4,17.8,63.3,10.7,19.5,cooling,3,3,3
2026-08-21T10:31:58,19.6,92.6,18.4,18.0,63.3,10.9,19.5,off,0,0,3
2026-08-21T10:47:00,19.7,92.8,18.5,18.5,59.9,10.5,19.5,off,0,0,3
2026-08-21T11:02:03,19.7,92.9,18.5,18.6,57.9,10.2,19.5,off,0,0,3
2026-08-21T11:17:06,19.6,93.0,18.5,18.4,58.3,10.0,19.6,off,0,0,3
2026-08-21T11:32:08,19.6,93.2,18.5,18.6,57.2,9.9,19.6,off,0,0,3
2026-08-21T11:47:11,19.7,93.2,18.5,18.7,55.2,9.5,19.6,off,0,0,3
2026-08-21T12:02:14,19.6,92.5,18.4,18.5,52.6,8.7,19.6,off,0,0,3
2026-08-21T12:17:16,19.6,92.4,18.3,18.6,56.9,9.9,19.6,off,0,0,3
2026-08-21T12:32:19,19.6,90.8,18.1,18.8,54.5,9.4,19.6,off,0,0,3
2026-08-21T12:47:22,19.6,91.7,18.2,19.1,54.2,9.6,19.6,off,0,0,3
2026-08-21T13:02:25,19.6,92.1,18.3,19.3,53.0,9.5,19.6,off,0,0,3
2026-08-21T13:17:27,19.6,92.5,18.4,19.5,51.1,9.1,19.6,off,0,0,3
2026-08-21T13:32:30,19.6,92.3,18.3,19.6,48.5,8.4,19.6,off,0,0,3
2026-08-21T13:47:33,19.6,92.0,18.2,19.7,48.1,8.4,19.6,off,0,0,3
2026-08-21T14:02:35,19.6,92.2,18.3,19.6,49.1,8.6,19.6,off,0,0,3
2026-08-21T14:17:38,19.6,91.9,18.2,19.8,47.0,8.1,19.6,off,0,0,3
2026-08-21T14:32:41,19.6,91.9,18.3,19.5,47.5,8.1,19.6,off,0,0,3
2026-08-21T14:47:43,19.6,91.7,18.2,19.3,51.7,9.1,19.6,off,0,0,3
2026-08-21T15:02:46,19.6,91.7,18.2,18.9,59.0,10.7,19.7,off,0,0,3
2026-08-21T15:17:49,19.6,91.9,18.3,19.0,61.1,11.3,19.7,off,0,0,3
2026-08-21T15:32:51,19.6,91.9,18.3,19.2,51.5,9.0,19.7,off,0,0,3
2026-08-21T15:47:54,19.6,91.9,18.3,19.3,48.7,8.2,19.7,off,0,0,3
2026-08-21T16:02:57,19.6,92.3,18.3,20.2,45.3,8.0,19.7,off,0,0,3
2026-08-21T16:17:59,19.6,91.8,18.3,20.3,44.4,7.8,19.7,off,0,0,3
2026-08-21T16:33:02,19.6,92.0,18.3,21.2,47.4,9.6,19.7,off,0,0,3
2026-08-21T16:48:05,19.8,90.5,18.2,21.9,45.2,9.5,19.7,off,0,0,3
2026-08-21T17:03:08,19.8,90.1,18.2,22.1,45.6,9.8,19.7,off,0,0,3
2026-08-21T17:18:10,20.7,85.8,18.2,22.0,43.9,9.1,19.8,off,0,0,3
2026-08-21T17:33:13,20.2,87.6,18.1,21.1,45.4,8.9,19.8,off,0,0,3
2026-08-21T17:48:16,20.1,87.6,17.9,20.5,43.6,7.7,19.8,off,0,0,3
2026-08-21T18:03:18,20.0,87.9,17.9,20.1,43.8,7.4,19.8,off,0,0,3
2026-08-21T18:18:21,20.0,86.7,17.7,20.0,45.0,7.6,19.8,off,0,0,3
2026-08-21T18:33:24,19.9,87.0,17.7,19.9,44.6,7.5,19.8,off,0,0,3
2026-08-21T18:48:26,19.9,88.6,18.0,19.9,44.5,7.4,19.8,off,0,0,3
2026-08-21T19:03:29,19.9,88.6,18.0,19.8,46.0,7.8,19.8,off,0,0,3
2026-08-21T19:18:32,19.9,89.1,18.1,19.6,48.4,8.4,19.8,off,0,0,3
2026-08-21T19:33:34,19.9,89.4,18.1,19.6,48.1,8.3,19.8,off,0,0,3
2026-08-21T19:48:37,19.9,89.8,18.2,19.5,50.5,9.0,19.8,off,0,0,3
2026-08-21T20:03:40,19.9,89.8,18.2,19.4,51.9,9.2,19.8,off,0,0,3
2026-08-21T20:18:42,19.9,90.0,18.2,19.2,54.2,9.8,19.8,off,0,0,3
2026-08-21T20:33:45,19.9,90.8,18.4,19.2,53.2,9.4,19.8,off,0,0,3
2026-08-21T20:48:48,19.9,90.5,18.3,19.0,55.3,9.9,19.8,off,0,0,3
2026-08-21T21:03:50,19.9,90.8,18.4,18.8,58.2,10.4,19.8,off,0,0,3
2026-08-21T21:18:53,19.9,91.6,18.5,18.5,57.8,10.0,19.8,off,0,0,3
2026-08-21T21:33:56,19.9,90.9,18.3,18.4,58.6,10.1,19.8,off,0,0,3
2026-08-21T21:48:59,19.8,91.1,18.3,18.3,59.6,10.3,19.8,off,0,0,3
2026-08-21T22:04:01,19.8,92.8,18.6,18.2,57.3,9.6,19.8,off,0,0,3
2026-08-21T22:19:04,19.8,92.1,18.5,18.1,59.4,10.0,19.8,off,0,0,3
2026-08-21T22:34:07,19.8,91.8,18.4,17.8,59.9,9.9,19.8,cooling,2,2,3
2026-08-21T22:49:09,19.7,92.2,18.4,17.8,59.0,9.6,19.8,cooling,3,3,3
2026-08-21T23:04:12,19.7,91.3,18.2,17.8,56.6,9.0,19.8,cooling,3,3,3
2026-08-21T23:19:15,19.9,90.3,18.3,17.9,54.9,8.7,19.8,cooling,3,3,3
2026-08-21T23:36:10,20.0,88.5,18.0,17.9,54.5,8.6,19.8,cooling,4,4,4
2026-08-21T23:51:12,19.7,89.8,18.0,17.8,55.5,8.7,19.7,cooling,3,3,3
2026-08-22T00:06:15,19.6,89.7,17.9,17.6,57.5,9.1,19.7,cooling,3,3,3
2026-08-22T00:21:18,19.5,90.0,17.9,17.6,58.3,9.3,19.6,cooling,3,3,3
2026-08-22T00:36:20,19.5,89.7,17.8,17.4,58.5,9.2,19.6,cooling,3,3,3
2026-08-22T00:51:23,19.5,89.9,17.8,17.2,59.1,9.2,19.6,cooling,3,3,3
2026-08-22T01:06:26,19.4,89.6,17.6,17.0,59.7,9.1,19.5,cooling,3,3,3
2026-08-22T01:21:28,19.4,89.8,17.7,17.1,60.1,9.3,19.4,cooling,3,3,3
2026-08-22T01:36:31,19.4,89.6,17.6,17.0,60.2,9.2,19.4,cooling,3,3,3
2026-08-22T01:51:34,19.3,89.5,17.6,16.8,60.9,9.2,19.4,cooling,3,3,3
2026-08-22T02:06:37,19.3,89.8,17.6,16.7,62.3,9.4,19.3,cooling,3,3,3
2026-08-22T02:21:39,19.3,89.7,17.6,16.6,62.2,9.3,19.3,cooling,3,3,3
2026-08-22T02:36:42,19.2,89.8,17.5,16.4,63.3,9.4,19.2,cooling,3,3,3
2026-08-22T02:51:45,19.2,89.7,17.5,16.3,64.8,9.7,19.2,cooling,3,3,3
2026-08-22T03:06:47,19.1,89.7,17.4,16.1,65.6,9.7,19.2,cooling,3,3,3
2026-08-22T03:21:50,19.1,89.0,17.3,16.2,66.0,9.8,19.1,cooling,3,3,3
2026-08-22T03:36:53,19.1,89.7,17.4,16.0,66.4,9.8,19.1,cooling,3,3,3
2026-08-22T03:51:55,19.1,90.1,17.4,15.8,66.9,9.7,19.1,cooling,3,3,3
2026-08-22T04:06:58,19.0,89.9,17.3,15.8,67.0,9.7,19.0,cooling,3,3,3
2026-08-22T04:22:01,19.0,89.9,17.3,15.6,68.4,9.8,19.0,cooling,3,3,3
2026-08-22T04:37:03,18.9,89.7,17.2,15.5,67.6,9.6,18.9,cooling,3,3,3
2026-08-22T04:52:06,18.9,89.4,17.1,15.5,67.8,9.6,18.9,cooling,3,3,3
2026-08-22T05:07:09,18.8,89.5,17.1,15.3,68.6,9.5,18.9,cooling,3,3,3
2026-08-22T05:22:11,18.8,89.4,17.0,15.2,67.8,9.2,18.9,cooling,3,3,3
2026-08-22T05:37:14,18.7,89.2,16.9,14.9,68.5,9.2,18.8,cooling,3,3,3
2026-08-22T05:52:17,18.7,89.5,16.9,14.9,68.9,9.2,18.8,cooling,3,3,3
2026-08-22T06:07:20,18.6,89.3,16.8,14.8,69.5,9.2,18.7,cooling,3,3,3
2026-08-22T06:22:22,18.6,89.2,16.8,14.7,69.5,9.2,18.7,cooling,3,3,3
2026-08-22T06:37:25,18.6,88.8,16.7,14.7,70.2,9.3,18.6,cooling,3,3,3
2026-08-22T06:52:28,18.5,88.9,16.7,14.8,69.9,9.3,18.6,cooling,3,3,3
2026-08-22T07:07:30,18.5,89.3,16.7,14.8,70.2,9.4,18.6,cooling,3,3,3
2026-08-22T07:22:33,18.5,89.0,16.6,14.9,70.5,9.6,18.6,cooling,3,3,3
2026-08-22T07:37:36,18.4,89.2,16.6,15.1,69.8,9.6,18.5,cooling,3,3,3
2026-08-22T07:52:38,18.4,89.0,16.5,15.4,69.2,9.8,18.5,cooling,3,3,3
2026-08-22T08:07:41,18.4,88.8,16.5,15.6,68.2,9.7,18.4,cooling,3,3,3
2026-08-22T08:22:44,18.4,88.9,16.6,15.9,67.8,9.9,18.4,cooling,3,3,3
2026-08-22T08:37:46,18.4,87.9,16.4,16.0,65.8,9.6,18.4,cooling,3,3,3
2026-08-22T08:52:49,18.4,88.6,16.5,16.2,65.1,9.7,18.4,cooling,3,3,3
2026-08-22T09:07:52,18.4,88.7,16.5,16.4,62.9,9.3,18.4,cooling,3,3,3
2026-08-22T09:22:54,18.3,88.2,16.4,16.4,63.0,9.4,18.4,cooling,3,3,3
2026-08-22T09:37:57,18.3,86.6,16.0,16.7,61.5,9.2,18.3,cooling,3,3,3
2026-08-22T09:53:00,18.3,85.7,15.8,16.8,57.9,8.5,18.3,off,2,2,3
2026-08-22T10:08:03,18.3,89.8,16.6,17.0,57.5,8.5,18.3,off,0,0,3
2026-08-22T10:23:05,18.3,88.9,16.5,17.2,56.5,8.5,18.3,off,0,0,3
2026-08-22T10:38:08,18.4,89.9,16.7,17.4,56.5,8.6,18.4,off,0,0,3
2026-08-22T10:53:11,18.4,89.0,16.5,17.5,54.4,8.2,18.4,off,0,0,3
2026-08-22T11:08:13,18.4,89.3,16.6,17.6,53.4,8.0,18.4,off,0,0,3
2026-08-22T11:23:16,18.3,87.8,16.3,17.7,53.2,8.1,18.4,off,0,0,3
2026-08-22T11:38:19,18.3,88.5,16.4,17.9,52.2,8.0,18.4,off,0,0,3
2026-08-22T11:53:21,18.4,88.8,16.5,18.2,50.3,7.6,18.4,off,0,0,3
2026-08-22T12:08:24,18.4,88.6,16.4,18.5,49.0,7.6,18.4,off,0,0,3
2026-08-22T12:23:27,18.4,88.6,16.5,18.7,48.6,7.6,18.4,off,0,0,3
2026-08-22T12:38:29,18.4,88.2,16.4,18.8,48.2,7.6,18.4,off,0,0,3
2026-08-22T12:53:32,18.4,87.6,16.3,18.8,46.1,7.0,18.4,off,0,0,3
2026-08-22T13:08:35,18.4,87.1,16.3,19.1,46.6,7.4,18.4,off,0,0,3
2026-08-22T13:23:37,18.4,87.3,16.3,19.2,45.6,7.2,18.4,off,0,0,3
2026-08-22T13:38:40,18.4,86.9,16.2,19.5,46.0,7.5,18.4,off,0,0,3
2026-08-22T13:53:43,18.5,86.7,16.2,19.2,44.8,6.9,18.4,off,0,0,3
2026-08-22T14:08:46,18.5,87.0,16.3,19.3,45.2,7.1,18.4,off,0,0,3
2026-08-22T14:23:48,18.5,87.2,16.4,19.8,43.5,7.0,18.5,off,0,0,3
2026-08-22T14:38:51,18.5,86.4,16.2,19.8,43.3,7.0,18.5,off,0,0,3
2026-08-22T14:53:54,18.6,87.3,16.4,19.6,44.0,7.0,18.5,off,0,0,3
2026-08-22T15:08:56,18.6,87.0,16.4,19.7,43.9,7.1,18.5,off,0,0,3
2026-08-22T15:23:59,18.6,87.1,16.4,19.9,43.6,7.2,18.5,off,0,0,3
2026-08-22T15:39:02,18.7,87.3,16.5,20.0,44.1,7.4,18.5,off,0,0,3
2026-08-22T15:54:04,18.7,86.6,16.4,20.3,40.4,6.4,18.5,off,0,0,3
2026-08-22T16:09:07,18.7,87.0,16.5,21.1,41.4,7.5,18.6,off,0,0,3
2026-08-22T16:24:10,18.8,87.0,16.6,21.6,38.5,6.9,18.6,off,0,0,3
2026-08-22T16:39:12,18.8,86.9,16.6,21.6,38.3,6.8,18.6,off,0,0,3
2026-08-22T16:54:15,18.8,86.5,16.5,21.1,39.4,6.8,18.6,off,0,0,3
2026-08-22T17:09:18,18.9,86.5,16.6,20.8,40.8,6.9,18.6,off,0,0,3
2026-08-22T17:24:20,18.9,86.5,16.6,20.7,42.1,7.4,18.6,off,0,0,3
2026-08-22T17:39:23,19.0,86.3,16.6,20.9,39.1,6.4,18.6,off,0,0,3
2026-08-22T17:54:26,19.0,86.3,16.7,21.0,39.7,6.7,18.6,off,0,0,3
2026-08-22T18:09:29,19.1,86.3,16.7,25.7,31.2,7.4,18.6,off,0,0,3
2026-08-22T18:24:31,19.1,86.4,16.7,24.2,34.5,7.6,18.6,off,0,0,3
2026-08-22T18:39:34,19.1,86.6,16.8,22.3,39.5,7.8,18.6,off,0,0,3
2026-08-22T18:54:37,19.2,86.8,16.9,21.6,40.3,7.5,18.6,off,0,0,3
2026-08-22T19:09:39,19.1,86.1,16.8,21.2,42.5,7.9,18.7,off,0,0,3
2026-08-22T19:24:42,19.2,86.1,16.8,20.9,44.1,8.2,18.7,off,0,0,3
2026-08-22T19:39:45,19.2,86.2,16.8,20.6,43.9,7.9,18.7,off,0,0,3
2026-08-22T19:54:47,19.2,86.5,16.9,20.4,46.3,8.5,18.7,off,0,0,3
2026-08-22T20:09:50,19.2,87.0,17.0,20.2,48.9,9.1,18.7,off,0,0,3
2026-08-22T20:24:53,19.2,87.3,17.1,19.9,51.5,9.6,18.7,off,0,0,3
2026-08-22T20:39:55,19.2,87.6,17.1,19.6,54.2,10.1,18.7,off,0,0,3
2026-08-22T20:54:58,19.2,87.9,17.2,19.5,55.9,10.4,18.7,off,0,0,3
2026-08-22T21:10:01,19.3,88.3,17.3,19.3,56.9,10.5,18.8,off,0,0,3
2026-08-22T21:25:03,19.3,88.6,17.3,19.1,59.9,11.1,18.8,off,0,0,3
2026-08-22T21:40:06,19.3,88.8,17.4,18.9,59.9,11.0,18.8,off,0,0,3
2026-08-22T21:55:09,19.3,89.0,17.4,18.8,62.7,11.5,18.8,off,0,0,3
2026-08-22T22:10:11,19.3,89.3,17.5,18.6,62.7,11.4,18.8,off,0,0,3
2026-08-22T22:25:14,19.2,89.6,17.5,18.5,64.6,11.7,18.8,off,0,0,3
2026-08-22T22:40:17,19.3,89.8,17.5,18.3,65.6,11.7,18.8,off,0,0,3
2026-08-22T22:55:20,19.2,90.2,17.6,18.2,65.2,11.6,18.8,off,0,0,3
2026-08-22T23:10:22,19.2,91.1,17.7,18.1,64.9,11.4,18.8,off,0,0,3
2026-08-22T23:25:25,19.2,91.5,17.8,18.0,62.2,10.7,18.8,off,0,0,3
2026-08-22T23:40:28,19.2,90.8,17.7,17.9,60.6,10.2,18.9,off,0,0,3
2026-08-22T23:55:30,19.2,91.6,17.8,17.8,60.4,10.0,18.8,off,0,0,3
2026-08-23T00:10:33,19.1,89.1,17.3,17.6,60.2,9.8,18.8,cooling,2,2,3
2026-08-23T00:25:36,19.1,89.1,17.2,17.4,60.5,9.7,18.8,cooling,3,3,3
2026-08-23T00:40:38,19.0,89.3,17.2,17.3,61.0,9.7,18.8,cooling,3,3,3
2026-08-23T00:55:41,19.0,88.5,17.0,17.1,61.1,9.5,18.8,cooling,3,3,3
2026-08-23T01:10:44,19.0,88.6,17.0,16.9,62.3,9.6,18.8,cooling,3,3,3
2026-08-23T01:25:46,18.9,88.4,16.9,16.8,62.5,9.6,18.7,cooling,3,3,3
2026-08-23T01:40:49,18.9,88.4,16.9,16.7,62.5,9.5,18.7,cooling,3,3,3
2026-08-23T01:55:52,18.8,87.8,16.8,16.6,62.6,9.4,18.6,cooling,3,3,3
2026-08-23T02:10:54,18.8,87.9,16.7,16.5,63.1,9.5,18.6,cooling,3,3,3
2026-08-23T02:25:57,18.8,88.0,16.7,16.4,63.4,9.4,18.6,cooling,3,3,3
2026-08-23T02:41:00,18.7,87.4,16.6,16.2,63.0,9.2,18.6,cooling,3,3,3
2026-08-23T02:56:03,18.7,87.0,16.5,16.2,63.1,9.1,18.6,cooling,3,3,3
2026-08-23T03:11:05,18.7,87.5,16.5,16.1,63.3,9.1,18.5,cooling,3,3,3
2026-08-23T03:26:08,18.6,86.9,16.4,16.1,63.8,9.2,18.5,cooling,3,3,3
2026-08-23T03:41:11,18.6,86.9,16.4,15.9,64.2,9.2,18.4,cooling,3,3,3
2026-08-23T03:56:13,18.6,87.3,16.4,15.8,64.3,9.1,18.4,cooling,3,3,3
2026-08-23T04:11:16,18.5,86.3,16.2,15.6,64.9,9.0,18.4,cooling,3,3,3
2026-08-23T04:26:19,18.5,86.9,16.3,15.6,64.7,9.0,18.4,cooling,3,3,3
2026-08-23T04:41:21,18.4,87.1,16.3,15.5,64.9,8.9,18.4,cooling,3,3,3
2026-08-23T04:56:24,18.4,86.2,16.1,15.3,65.3,8.9,18.3,cooling,3,3,3
2026-08-23T05:11:27,18.4,86.8,16.1,15.3,65.7,8.9,18.3,cooling,3,3,3
2026-08-23T05:26:29,18.3,86.3,16.0,15.2,66.1,8.9,18.2,cooling,3,3,3
2026-08-23T05:41:32,18.3,85.8,15.8,15.1,66.0,8.8,18.2,cooling,3,3,3
2026-08-23T05:56:35,18.3,86.4,15.9,15.0,66.3,8.8,18.2,cooling,3,3,3
2026-08-23T06:11:37,18.2,86.1,15.8,14.9,66.9,8.8,18.2,cooling,3,3,3
2026-08-23T06:26:40,18.2,85.9,15.8,14.9,66.8,8.7,18.1,cooling,3,3,3
2026-08-23T06:41:43,18.1,85.2,15.6,14.9,66.5,8.7,18.1,cooling,3,3,3
2026-08-23T06:56:46,18.1,86.4,15.8,14.9,66.3,8.7,18.1,cooling,3,3,3
2026-08-23T07:11:48,18.1,85.3,15.5,15.0,65.9,8.7,18.1,cooling,3,3,3
2026-08-23T07:26:51,18.0,85.1,15.5,15.2,65.6,8.8,18.1,cooling,3,3,3
2026-08-23T07:41:54,18.0,84.9,15.4,15.3,64.7,8.7,18.0,cooling,3,3,3
2026-08-23T07:56:56,18.0,85.0,15.4,15.4,64.5,8.7,18.0,cooling,3,3,3
2026-08-23T08:11:59,17.9,84.5,15.3,15.5,64.3,8.8,17.9,cooling,3,3,3
2026-08-23T08:27:02,17.9,84.2,15.2,15.7,63.6,8.8,17.9,cooling,3,3,3
2026-08-23T08:42:04,17.9,84.2,15.2,15.9,63.3,8.9,17.9,cooling,3,3,3
2026-08-23T08:57:07,17.9,84.9,15.3,16.0,63.1,9.0,17.9,cooling,3,3,3
2026-08-23T09:12:10,17.9,84.8,15.3,16.2,62.5,9.0,17.9,cooling,3,3,3
2026-08-23T09:27:12,17.9,85.6,15.5,16.3,62.6,9.1,17.9,cooling,3,3,3
2026-08-23T09:42:15,17.9,87.7,15.8,16.5,62.5,9.3,17.9,off,1,1,3
2026-08-23T09:57:18,18.0,87.3,15.8,16.7,62.1,9.4,17.9,off,0,0,3
2026-08-23T10:12:20,18.0,87.0,15.8,16.9,61.2,9.4,17.9,off,0,0,3
2026-08-23T10:27:23,18.0,87.9,16.0,17.1,59.9,9.3,17.9,off,0,0,3
2026-08-23T10:42:26,18.0,87.1,15.8,17.3,58.8,9.1,17.9,off,0,0,3
2026-08-23T10:57:28,18.0,88.3,16.0,17.5,57.3,9.0,17.9,off,0,0,3
2026-08-23T11:12:31,18.0,88.0,16.0,17.7,56.1,8.8,17.9,off,0,0,3
2026-08-23T11:27:34,18.0,88.1,16.0,17.9,53.9,8.4,18.0,off,0,0,3
2026-08-23T11:42:37,18.0,88.6,16.1,18.3,53.3,8.7,18.0,off,0,0,3
2026-08-23T11:57:39,18.1,88.0,16.0,18.5,52.9,8.7,18.0,off,0,0,3
2026-08-23T12:12:42,18.1,88.5,16.1,18.7,52.1,8.7,18.0,off,0,0,3
2026-08-23T12:27:45,18.1,88.4,16.1,18.9,50.5,8.4,18.0,off,0,0,3
2026-08-23T12:42:47,18.1,88.1,16.1,19.1,50.3,8.5,18.1,off,0,0,3
2026-08-23T12:57:50,18.2,88.5,16.2,19.3,46.2,7.4,18.1,off,0,0,3
2026-08-23T13:12:53,18.2,88.0,16.1,19.7,44.5,7.3,18.1,off,0,0,3
2026-08-23T13:27:55,18.2,87.9,16.1,19.8,44.8,7.5,18.1,off,0,0,3
2026-08-23T13:42:58,18.2,87.5,16.1,20.1,43.2,7.2,18.1,off,0,0,3
2026-08-23T13:58:01,18.2,87.4,16.1,20.2,43.2,7.2,18.1,off,0,0,3
2026-08-23T14:13:03,18.3,87.6,16.2,20.3,43.3,7.5,18.1,off,0,0,3
2026-08-23T14:28:06,18.3,87.5,16.2,20.4,43.0,7.4,18.1,off,0,0,3
2026-08-23T14:43:09,18.3,87.3,16.2,20.6,43.4,7.7,18.1,off,0,0,3
2026-08-23T14:58:11,18.4,88.9,16.5,20.8,41.1,7.1,18.1,off,0,0,3
2026-08-23T15:13:14,18.4,88.1,16.4,21.2,39.4,6.8,18.1,off,0,0,3
2026-08-23T15:28:17,18.4,89.0,16.6,21.1,40.3,7.1,18.2,off,0,0,3
2026-08-23T15:43:20,18.5,89.3,16.7,21.6,38.9,7.0,18.2,off,0,0,3
2026-08-23T15:58:22,18.5,89.7,16.8,22.2,37.0,6.8,18.2,off,0,0,3
2026-08-23T16:28:30,18.6,88.8,16.7,21.8,37.6,6.7,18.2,off,0,0,4
2026-08-23T16:43:33,18.6,89.4,16.9,21.5,40.6,7.5,18.2,off,0,0,3
2026-08-23T16:58:36,18.8,89.7,17.0,22.9,36.9,7.4,18.2,off,0,0,3
2026-08-23T17:13:38,18.9,89.5,17.1,22.9,37.0,7.5,18.2,off,0,0,3
2026-08-23T17:28:41,18.9,89.2,17.1,22.6,34.7,6.2,18.2,off,0,0,3
2026-08-23T17:43:44,19.0,90.8,17.4,22.3,35.2,6.2,18.3,off,0,0,3
2026-08-23T17:58:46,19.0,90.5,17.4,25.5,30.4,6.8,18.3,off,0,0,3
2026-08-23T18:13:49,19.0,89.2,17.2,25.6,31.0,7.2,18.3,off,0,0,3
2026-08-23T18:28:52,19.0,88.7,17.1,23.1,35.8,7.1,18.3,off,0,0,3
2026-08-23T18:43:54,19.0,88.5,17.1,21.9,38.4,7.1,18.3,off,0,0,3
2026-08-23T18:58:57,19.1,89.8,17.4,21.4,39.4,7.0,18.4,off,0,0,3
2026-08-23T19:14:00,19.1,88.5,17.2,21.2,38.2,6.4,18.4,off,0,0,3
2026-08-23T19:29:02,19.2,88.0,17.1,21.2,39.5,6.9,18.4,off,0,0,3
2026-08-23T19:44:05,19.2,87.1,17.0,21.0,39.0,6.5,18.4,off,0,0,3
2026-08-23T19:59:08,19.2,87.0,17.0,20.6,41.8,7.2,18.4,off,0,0,3
2026-08-23T20:14:10,19.2,87.4,17.1,20.2,43.2,7.3,18.4,off,0,0,3
2026-08-23T20:29:13,19.2,88.1,17.2,19.9,44.7,7.5,18.4,off,0,0,3
2026-08-23T20:44:16,19.2,88.4,17.3,19.8,46.3,7.9,18.4,off,0,0,3
2026-08-23T20:59:19,19.2,88.3,17.2,19.6,45.4,7.5,18.4,off,0,0,3
2026-08-23T21:14:21,19.2,88.5,17.3,19.4,47.3,7.9,18.4,off,0,0,3
2026-08-23T21:29:24,19.2,88.2,17.2,19.3,50.8,8.8,18.4,off,0,0,3
2026-08-23T21:44:27,19.2,88.8,17.3,19.2,55.6,10.1,18.5,off,0,0,3
2026-08-23T21:59:29,19.2,89.1,17.4,19.1,57.8,10.6,18.5,off,0,0,3
2026-08-23T22:14:32,19.2,89.5,17.4,19.0,58.7,10.7,18.5,off,0,0,3
2026-08-23T22:29:35,19.2,89.7,17.5,18.7,60.8,11.0,18.5,off,0,0,3
2026-08-23T22:44:37,19.2,89.3,17.4,18.6,61.2,11.0,18.5,off,0,0,3
2026-08-23T22:59:40,19.2,89.1,17.4,18.4,62.2,11.1,18.6,off,0,0,3
2026-08-23T23:14:43,19.2,89.0,17.3,18.2,63.2,11.1,18.6,off,0,0,3
2026-08-23T23:29:45,19.2,88.5,17.2,18.1,63.3,11.0,18.6,off,0,0,3
2026-08-23T23:44:48,19.2,88.9,17.3,17.9,63.8,11.0,18.6,off,0,0,3
2026-08-23T23:59:51,19.1,88.8,17.2,17.9,64.1,11.0,18.6,off,0,0,3
2026-08-24T00:14:53,19.1,88.9,17.2,17.7,65.0,11.0,18.6,off,0,0,3
2026-08-24T00:29:56,19.1,88.8,17.2,17.5,65.6,11.0,18.6,off,0,0,3
2026-08-24T00:44:59,19.1,88.5,17.1,17.5,66.4,11.1,18.6,cooling,1,1,3
2026-08-24T01:00:01,19.0,89.5,17.2,17.4,66.7,11.1,18.6,cooling,3,3,3
2026-08-24T01:15:04,18.9,89.7,17.2,17.2,66.5,10.9,18.6,cooling,3,3,3
2026-08-24T01:30:07,18.9,89.4,17.1,17.1,66.4,10.8,18.6,cooling,3,3,3
2026-08-24T01:45:10,18.8,89.0,17.0,17.0,66.9,10.8,18.5,cooling,3,3,3
2026-08-24T02:00:12,18.8,89.0,17.0,16.9,67.1,10.7,18.5,cooling,3,3,3
2026-08-24T02:15:15,18.8,88.6,16.9,16.7,67.0,10.6,18.4,cooling,3,3,3
2026-08-24T02:30:18,18.7,87.9,16.7,16.5,67.5,10.5,18.4,cooling,3,3,3
2026-08-24T02:45:20,18.7,88.1,16.7,16.4,67.5,10.4,18.4,cooling,3,3,3
2026-08-24T03:00:23,18.7,87.7,16.6,16.3,67.7,10.4,18.4,cooling,3,3,3
2026-08-24T03:15:26,18.6,87.6,16.5,16.3,67.6,10.3,18.4,cooling,3,3,3
2026-08-24T03:30:28,18.6,87.6,16.5,16.2,68.3,10.3,18.4,cooling,3,3,3
2026-08-24T03:45:31,18.6,87.5,16.5,16.0,68.5,10.2,18.3,cooling,3,3,3
2026-08-24T04:00:34,18.5,87.4,16.4,16.0,68.6,10.2,18.3,cooling,3,3,3
2026-08-24T04:15:36,18.5,87.0,16.3,16.0,68.1,10.1,18.3,cooling,3,3,3
2026-08-24T04:30:39,18.4,86.4,16.1,16.0,68.5,10.2,18.2,cooling,3,3,3
2026-08-24T04:45:42,18.4,86.6,16.1,16.0,68.5,10.2,18.2,cooling,3,3,3
2026-08-24T05:00:44,18.4,86.3,16.0,16.0,69.0,10.3,18.2,cooling,3,3,3
2026-08-24T05:15:47,18.3,86.3,16.0,16.0,68.6,10.2,18.2,cooling,3,3,3
2026-08-24T05:30:50,18.3,86.4,16.0,15.9,68.8,10.1,18.2,cooling,3,3,3
2026-08-24T05:45:53,18.3,85.9,15.9,15.8,69.1,10.1,18.2,cooling,3,3,3
2026-08-24T06:00:55,18.2,85.4,15.7,15.7,69.3,10.1,18.1,cooling,3,3,3
2026-08-24T06:15:58,18.2,85.9,15.8,15.7,69.6,10.1,18.1,cooling,3,3,3
2026-08-24T06:31:01,18.2,86.1,15.8,15.7,69.3,10.1,18.1,cooling,3,3,3
2026-08-24T06:46:03,18.1,85.2,15.6,15.6,69.8,10.1,18.1,cooling,3,3,3
2026-08-24T07:01:06,18.1,84.8,15.5,15.6,69.8,10.1,18.1,cooling,3,3,3
2026-08-24T07:16:09,18.1,85.1,15.5,15.7,69.7,10.2,18.1,cooling,3,3,3
2026-08-24T07:31:11,18.1,84.8,15.5,15.8,70.5,10.4,18.0,cooling,3,3,3
2026-08-24T07:46:14,18.1,84.6,15.4,15.9,70.8,10.6,18.0,cooling,3,3,3
2026-08-24T08:01:17,18.1,85.0,15.5,16.1,70.8,10.8,18.0,cooling,3,3,3
2026-08-24T08:16:19,18.1,87.1,15.9,16.3,69.7,10.8,18.0,cooling,3,3,3
2026-08-24T08:31:22,18.1,87.1,15.9,16.5,68.5,10.7,18.0,cooling,3,3,3
2026-08-24T08:46:25,18.1,87.5,16.0,16.6,68.0,10.7,17.9,cooling,3,3,3
2026-08-24T09:01:27,18.1,87.3,15.9,16.8,67.1,10.7,17.9,cooling,3,3,3
2026-08-24T09:16:30,18.0,86.5,15.7,17.1,65.3,10.5,17.9,cooling,3,3,3
2026-08-24T09:31:33,18.1,87.0,15.9,17.2,64.7,10.5,17.9,cooling,3,3,3
2026-08-24T09:46:36,18.1,86.4,15.8,17.5,62.9,10.4,17.9,off,2,2,3
2026-08-24T10:01:38,18.1,87.4,15.9,17.8,61.4,10.3,17.9,off,0,0,3
2026-08-24T10:16:41,18.1,88.0,16.1,18.0,61.0,10.4,17.9,off,0,0,3
2026-08-24T10:31:44,18.1,88.1,16.1,18.2,59.2,10.1,18.0,off,0,0,3
2026-08-24T10:46:46,18.1,88.1,16.1,18.5,58.2,10.1,18.0,off,0,0,3
2026-08-24T11:01:49,18.1,88.1,16.1,18.8,56.5,9.9,18.0,off,0,0,3
2026-08-24T11:16:52,18.2,88.1,16.2,18.9,55.8,9.9,18.0,off,0,0,3
2026-08-24T11:31:54,18.2,88.1,16.2,19.3,53.3,9.5,18.1,off,0,0,3
2026-08-24T11:46:57,18.2,88.2,16.2,19.6,51.3,9.3,18.0,off,0,0,3
2026-08-24T12:02:00,18.2,87.7,16.2,19.9,51.3,9.6,18.1,off,0,0,3
2026-08-24T12:17:02,18.3,87.6,16.2,20.0,50.9,9.5,18.1,off,0,0,3
2026-08-24T12:32:05,18.3,87.6,16.2,20.1,48.9,9.0,18.1,off,0,0,3
2026-08-24T12:47:08,18.3,87.0,16.1,20.3,48.6,9.1,18.1,off,0,0,3
2026-08-24T13:02:10,18.3,87.0,16.1,20.5,47.5,9.0,18.1,off,0,0,3
2026-08-24T13:17:13,18.3,86.9,16.1,20.5,48.5,9.2,18.1,off,0,0,3
2026-08-24T13:32:16,18.4,86.4,16.0,20.5,46.8,8.8,18.1,off,0,0,3
2026-08-24T13:47:19,18.4,86.2,16.0,20.7,46.4,8.8,18.1,off,0,0,3
2026-08-24T14:02:21,18.4,86.7,16.1,21.0,45.1,8.6,18.1,off,0,0,3
2026-08-24T14:17:24,18.4,86.6,16.2,21.0,47.0,9.2,18.1,off,0,0,3
2026-08-24T14:32:27,18.4,86.3,16.1,21.2,44.6,8.6,18.1,off,0,0,3
2026-08-24T14:47:29,18.5,86.9,16.2,21.2,45.7,9.0,18.2,off,0,0,3
2026-08-24T15:02:32,18.6,86.6,16.3,21.2,45.9,9.1,18.2,off,0,0,3
2026-08-24T15:17:35,18.5,86.1,16.2,21.3,44.5,8.7,18.2,off,0,0,3
2026-08-24T15:32:37,18.6,86.0,16.2,21.4,44.7,8.9,18.2,off,0,0,3
2026-08-24T15:47:40,18.6,85.9,16.2,21.3,43.5,8.4,18.2,off,0,0,3
2026-08-24T16:02:43,18.7,86.3,16.3,22.0,43.5,9.0,18.2,off,0,0,3
2026-08-24T16:17:45,18.7,87.0,16.5,22.6,41.8,9.0,18.2,off,0,0,3
2026-08-24T16:32:48,18.8,87.3,16.6,23.3,40.8,9.3,18.2,off,0,0,3
2026-08-24T16:47:51,18.8,87.4,16.7,23.5,40.1,9.1,18.2,off,0,0,3
2026-08-24T17:02:53,18.9,86.8,16.6,23.3,39.4,8.8,18.2,off,0,0,3
2026-08-24T17:17:56,19.1,87.1,16.9,23.5,39.6,9.0,18.2,off,0,0,3
2026-08-24T17:32:59,19.3,86.6,17.0,23.7,38.3,8.7,18.3,off,0,0,3
2026-08-24T17:48:02,19.2,86.8,16.9,23.8,38.0,8.6,18.3,off,0,0,3
2026-08-24T18:03:04,19.2,88.2,17.2,26.1,34.2,9.1,18.3,off,0,0,3
2026-08-24T18:18:07,19.2,88.8,17.3,25.5,34.8,8.9,18.3,off,0,0,3
2026-08-24T18:33:10,19.2,88.7,17.3,23.2,39.1,8.5,18.3,off,0,0,3
2026-08-24T18:48:12,19.3,89.5,17.5,22.5,41.2,8.6,18.4,off,0,0,3
